{"cameraMode":{"drawMode":0,"name":"Shaded","section":"Shading Mode"},"sceneLighting":false,"audioPlay":false,"sceneViewState":{"showFog":true,"showMaterialUpdate":false,"showSkybox":true,"showFlares":true,"showImageEffects":true,"showParticleSystems":true},"in2DMode":false,"pivot":{"x":0.6200000047683716,"y":1.0,"z":23.700000762939454},"rotation":{"x":0.2605079114437103,"y":-0.0723305493593216,"z":0.019577864557504655,"w":0.9625594615936279},"size":4.041658401489258,"orthographic":false}